{"cameraMode":{"drawMode":0,"name":"Shaded","section":"Shading Mode"},"sceneLighting":false,"audioPlay":false,"sceneViewState":{"showFog":false,"showMaterialUpdate":false,"showSkybox":false,"showFlares":false,"showImageEffects":false,"showParticleSystems":false},"in2DMode":false,"pivot":{"x":-7.32431173324585,"y":3.6749072074890138,"z":1.9950695037841797},"rotation":{"x":-0.06964962929487229,"y":0.8971763253211975,"z":-0.15299423038959504,"w":-0.4084317088127136},"size":41.75921630859375,"orthographic":false}